ID,position,base_type,control_coverage,control_misC,control_C_reads,control_T_reads,treatment_coverage,treatment_misC,treatment_C_reads,treatment_T_reads,p_value,p_below_1
MALAT1_F,40,T,612.0,12.908496732026139,79.00000000000001,533.0,1199.0,10.42535446205171,125.0,1074.0,0.132994,No
MALAT1_F,54,T,1122.0,13.012477718360069,146.0,976.0,2252.0,6.30550621669627,142.0,2110.0,0.0,Yes
MALAT1_F,99,T,1165.0,13.39055793991416,156.0,1009.0,2448.0,12.132352941176471,297.0,2151.0,0.310706,No
MALAT1_F,108,T,1165.0,37.08154506437768,432.0,733.0,2448.0,0.73529411764705,18.0,2430.0,0.0,Yes
MALAT1_F,173,T,1047.0,11.55682903533906,121.0,926.0,2211.0,9.49796472184531,210.0,2001.0,0.079353,No
